,Total,HP,Attack,Defense,Sp. Atk,Sp. Def,Speed,Type 1,Type 2
0,318,45,49,49,65,65,45,Grass,Poison
1,405,60,62,63,80,80,60,Grass,Poison
2,525,80,82,83,100,100,80,Grass,Poison
3,625,80,100,123,122,120,80,Grass,Poison
4,309,39,52,43,60,50,65,Fire,Fire
5,405,58,64,58,80,65,80,Fire,Fire
6,534,78,84,78,109,85,100,Fire,Flying
7,634,78,130,111,130,85,100,Fire,Dragon
8,634,78,104,78,159,115,100,Fire,Flying
9,314,44,48,65,50,64,43,Water,Water
10,405,59,63,80,65,80,58,Water,Water
11,530,79,83,100,85,105,78,Water,Water
12,630,79,103,120,135,115,78,Water,Water
13,195,45,30,35,20,20,45,Bug,Bug
14,205,50,20,55,25,25,30,Bug,Bug
15,395,60,45,50,90,80,70,Bug,Flying
16,195,40,35,30,20,20,50,Bug,Poison
17,205,45,25,50,25,25,35,Bug,Poison
18,395,65,90,40,45,80,75,Bug,Poison
19,495,65,150,40,15,80,145,Bug,Poison
20,251,40,45,40,35,35,56,Normal,Flying
21,349,63,60,55,50,50,71,Normal,Flying
22,479,83,80,75,70,70,101,Normal,Flying
23,579,83,80,80,135,80,121,Normal,Flying
24,253,30,56,35,25,35,72,Normal,Normal
25,253,30,56,35,25,35,72,Dark,Normal
26,413,55,81,60,50,70,97,Normal,Normal
27,413,75,71,70,40,80,77,Dark,Normal
28,262,40,60,30,31,31,70,Normal,Flying
29,442,65,90,65,61,61,100,Normal,Flying
30,288,35,60,44,40,54,55,Poison,Poison
31,448,60,95,69,65,79,80,Poison,Poison
32,320,35,55,40,50,50,90,Electric,Electric
33,430,45,80,50,75,60,120,Electric,Electric
34,485,60,90,55,90,80,110,Electric,Electric
35,485,60,85,50,95,85,110,Electric,Psychic
36,300,50,75,85,20,30,40,Ground,Ground
37,300,50,75,90,10,35,40,Ice,Steel
38,450,75,100,110,45,55,65,Ground,Ground
39,450,75,100,120,25,65,65,Ice,Steel
40,275,55,47,52,40,40,41,Poison,Poison
41,365,70,62,67,55,55,56,Poison,Poison
42,505,90,92,87,75,85,76,Poison,Ground
43,273,46,57,40,40,40,50,Poison,Poison
44,365,61,72,57,55,55,65,Poison,Poison
45,505,81,102,77,85,75,85,Poison,Ground
46,323,70,45,48,60,65,35,Fairy,Fairy
47,483,95,70,73,95,90,60,Fairy,Fairy
48,299,38,41,40,50,65,65,Fire,Fire
49,299,38,41,40,50,65,65,Ice,Ice
50,505,73,76,75,81,100,100,Fire,Fire
51,505,73,67,75,81,100,109,Ice,Fairy
52,270,115,45,20,45,25,20,Normal,Fairy
53,435,140,70,45,85,50,45,Normal,Fairy
54,245,40,45,35,30,40,55,Poison,Flying
55,455,75,80,70,65,75,90,Poison,Flying
56,320,45,50,55,75,65,30,Grass,Poison
57,395,60,65,70,85,75,40,Grass,Poison
58,490,75,80,85,110,90,50,Grass,Poison
59,285,35,70,55,45,55,25,Bug,Grass
60,405,60,95,80,60,80,30,Bug,Grass
61,305,60,55,50,40,55,45,Bug,Poison
62,450,70,65,60,90,75,90,Bug,Poison
63,265,10,55,25,35,45,95,Ground,Ground
64,265,10,55,30,35,45,90,Ground,Steel
65,425,35,100,50,50,70,120,Ground,Ground
66,425,35,100,60,50,70,110,Ground,Steel
67,290,40,45,35,40,40,90,Normal,Normal
68,290,40,35,35,50,40,90,Dark,Dark
69,290,50,65,55,40,40,40,Steel,Steel
70,440,65,70,60,65,65,115,Normal,Normal
71,440,65,60,60,75,65,115,Dark,Dark
72,320,50,52,48,65,50,55,Water,Water
73,500,80,82,78,95,80,85,Water,Water
74,305,40,80,35,35,45,70,Fighting,Fighting
75,455,65,105,60,60,70,95,Fighting,Fighting
76,350,55,70,45,70,50,60,Fire,Fire
77,350,60,75,45,65,50,55,Fire,Rock
78,555,90,110,80,100,80,95,Fire,Fire
79,555,95,115,80,95,80,90,Fire,Rock
80,300,40,50,40,40,40,90,Water,Water
81,385,65,65,65,50,50,90,Water,Water
82,510,90,95,95,70,90,70,Water,Fighting
83,310,25,20,15,105,55,90,Psychic,Psychic
84,400,40,35,30,120,70,105,Psychic,Psychic
85,500,55,50,45,135,95,120,Psychic,Psychic
86,600,55,50,65,175,105,150,Psychic,Psychic
87,305,70,80,50,35,35,35,Fighting,Fighting
88,405,80,100,70,50,60,45,Fighting,Fighting
89,505,90,130,80,65,85,55,Fighting,Fighting
90,300,50,75,35,70,30,40,Grass,Poison
91,390,65,90,50,85,45,55,Grass,Poison
92,490,80,105,65,100,70,70,Grass,Poison
93,335,40,40,35,50,100,70,Water,Poison
94,515,80,70,65,80,120,100,Water,Poison
95,300,40,80,100,30,30,20,Rock,Ground
96,300,40,80,100,30,30,20,Rock,Electric
97,390,55,95,115,45,45,35,Rock,Ground
98,390,55,95,115,45,45,35,Rock,Electric
99,495,80,120,130,55,65,45,Rock,Ground
100,495,80,120,130,55,65,45,Rock,Electric
101,410,50,85,55,65,65,90,Fire,Fire
102,410,50,85,55,65,65,90,Psychic,Psychic
103,500,65,100,70,80,80,105,Fire,Fire
104,500,65,100,70,80,80,105,Psychic,Fairy
105,315,90,65,65,40,40,15,Water,Psychic
106,315,90,65,65,40,40,15,Psychic,Psychic
107,490,95,75,110,100,80,30,Water,Psychic
108,590,95,75,180,130,80,30,Water,Psychic
109,490,95,100,95,100,70,30,Poison,Psychic
110,325,25,35,70,95,55,45,Electric,Steel
111,465,50,60,95,120,70,70,Electric,Steel
112,377,52,90,55,58,62,60,Normal,Flying
113,377,52,95,55,58,62,55,Fighting,Fighting
114,310,35,85,45,35,35,75,Normal,Flying
115,470,60,110,70,60,60,110,Normal,Flying
116,325,65,45,55,45,70,45,Water,Water
117,475,90,70,80,70,95,70,Water,Ice
118,325,80,80,50,40,50,25,Poison,Poison
119,325,80,80,50,40,50,25,Poison,Dark
120,500,105,105,75,65,100,50,Poison,Poison
121,500,105,105,75,65,100,50,Poison,Dark
122,305,30,65,100,45,25,40,Water,Water
123,525,50,95,180,85,45,70,Water,Ice
124,310,30,35,30,100,35,80,Ghost,Poison
125,405,45,50,45,115,55,95,Ghost,Poison
126,500,60,65,60,130,75,110,Ghost,Poison
127,600,60,65,80,170,95,130,Ghost,Poison
128,385,35,45,160,30,45,70,Rock,Ground
129,328,60,48,45,43,90,42,Psychic,Psychic
130,483,85,73,70,73,115,67,Psychic,Psychic
131,325,30,105,90,25,25,50,Water,Water
132,475,55,130,115,50,50,75,Water,Water
133,330,40,30,50,55,55,100,Electric,Electric
134,330,40,30,50,55,55,100,Electric,Grass
135,490,60,50,70,80,80,150,Electric,Electric
136,490,60,50,70,80,80,150,Electric,Grass
137,325,60,40,80,60,45,40,Grass,Psychic
138,530,95,95,85,125,75,55,Grass,Psychic
139,530,95,105,85,125,75,45,Grass,Dragon
140,320,50,50,95,40,50,35,Ground,Ground
141,425,60,80,110,50,80,45,Ground,Ground
142,425,60,80,110,50,80,45,Fire,Ghost
143,455,50,120,53,35,110,87,Fighting,Fighting
144,455,50,105,79,35,110,76,Fighting,Fighting
145,385,90,55,75,60,75,30,Normal,Normal
146,340,40,65,95,60,45,35,Poison,Poison
147,490,65,90,120,85,70,60,Poison,Poison
148,490,65,90,120,85,70,60,Poison,Fairy
149,345,80,85,95,30,30,25,Ground,Rock
150,485,105,130,120,45,45,40,Ground,Rock
151,450,250,5,5,35,105,50,Normal,Normal
152,435,65,55,115,100,40,60,Grass,Grass
153,490,105,95,80,40,80,90,Normal,Normal
154,590,105,125,100,60,100,100,Normal,Normal
155,295,30,40,70,70,25,60,Water,Water
156,440,55,65,95,95,45,85,Water,Water
157,320,45,67,60,35,50,63,Water,Water
158,450,80,92,65,65,80,68,Water,Water
159,340,30,45,55,70,55,85,Water,Water
160,520,60,75,85,100,85,115,Water,Psychic
161,460,40,45,65,100,120,90,Psychic,Fairy
162,460,50,65,65,90,90,100,Ice,Psychic
163,500,70,110,80,55,80,105,Bug,Flying
164,455,65,50,35,115,95,95,Ice,Psychic
165,490,65,83,57,95,85,105,Electric,Electric
166,495,65,95,57,100,85,93,Fire,Fire
167,500,65,125,100,55,70,85,Bug,Bug
168,600,65,155,120,65,90,105,Bug,Flying
169,490,75,100,95,40,70,110,Normal,Normal
170,490,75,110,105,30,70,100,Fighting,Fighting
171,490,75,110,105,30,70,100,Fighting,Fire
172,490,75,110,105,30,70,100,Fighting,Water
173,200,20,10,55,15,20,80,Water,Water
174,540,95,125,79,60,100,81,Water,Flying
175,640,95,155,109,70,130,81,Water,Dark
176,535,130,85,80,85,95,60,Water,Ice
177,288,48,48,48,48,48,48,Normal,Normal
178,325,55,55,50,45,65,55,Normal,Normal
179,435,65,75,70,65,85,75,Normal,Normal
180,525,130,65,60,110,95,65,Water,Water
181,525,65,65,60,110,95,130,Electric,Electric
182,525,65,130,60,95,110,65,Fire,Fire
183,395,65,60,70,85,75,40,Normal,Normal
184,355,35,40,100,90,55,35,Rock,Water
185,495,70,60,125,115,70,55,Rock,Water
186,355,30,80,90,55,45,55,Rock,Water
187,495,60,115,105,65,70,80,Rock,Water
188,515,80,105,65,60,75,130,Rock,Flying
189,615,80,135,85,70,95,150,Rock,Flying
190,540,160,110,65,65,110,30,Normal,Normal
191,580,90,85,100,95,125,85,Ice,Flying
192,580,90,85,85,125,100,95,Psychic,Flying
193,580,90,90,85,125,90,100,Electric,Flying
194,580,90,125,90,85,90,100,Fighting,Flying
195,580,90,100,90,125,85,90,Fire,Flying
196,580,90,85,90,100,125,90,Dark,Flying
197,300,41,64,45,50,50,50,Dragon,Dragon
198,420,61,84,65,70,70,70,Dragon,Dragon
199,600,91,134,95,100,100,80,Dragon,Flying
200,680,106,110,90,154,90,130,Psychic,Psychic
201,780,106,190,100,154,100,130,Psychic,Fighting
202,780,106,150,70,194,120,140,Psychic,Psychic
203,600,100,100,100,100,100,100,Psychic,Psychic
204,318,45,49,65,49,65,45,Grass,Grass
205,405,60,62,80,63,80,60,Grass,Grass
206,525,80,82,100,83,100,80,Grass,Grass
207,309,39,52,43,60,50,65,Fire,Fire
208,405,58,64,58,80,65,80,Fire,Fire
209,534,78,84,78,109,85,100,Fire,Fire
210,534,73,84,78,119,85,95,Fire,Ghost
211,314,50,65,64,44,48,43,Water,Water
212,405,65,80,80,59,63,58,Water,Water
213,530,85,105,100,79,83,78,Water,Water
214,215,35,46,34,35,45,20,Normal,Normal
215,415,85,76,64,45,55,90,Normal,Normal
216,262,60,30,30,36,56,50,Normal,Flying
217,452,100,50,50,86,96,70,Normal,Flying
218,265,40,20,30,40,80,55,Bug,Flying
219,390,55,35,50,55,110,85,Bug,Flying
220,250,40,60,40,40,40,30,Bug,Poison
221,400,70,90,70,60,70,40,Bug,Poison
222,535,85,90,80,70,80,130,Poison,Flying
223,330,75,38,38,56,56,67,Water,Electric
224,460,125,58,58,76,76,67,Water,Electric
225,205,20,40,15,35,35,60,Electric,Electric
226,218,50,25,28,45,55,15,Fairy,Fairy
227,210,90,30,15,40,20,15,Normal,Fairy
228,245,35,20,65,40,65,20,Fairy,Fairy
229,405,55,40,85,80,105,40,Fairy,Flying
230,320,40,50,45,70,45,70,Psychic,Flying
231,470,65,75,70,95,70,95,Psychic,Flying
232,280,55,40,40,65,45,35,Electric,Electric
233,365,70,55,55,80,60,45,Electric,Electric
234,510,90,75,85,115,90,55,Electric,Electric
235,610,90,95,105,165,110,45,Electric,Dragon
236,490,75,80,95,90,100,50,Grass,Grass
237,250,70,20,50,20,50,40,Water,Fairy
238,420,100,50,80,60,80,50,Water,Fairy
239,410,70,100,115,30,65,30,Rock,Rock
240,500,90,75,75,90,100,70,Water,Water
241,250,35,35,40,35,55,50,Grass,Flying
242,340,55,45,50,45,65,80,Grass,Flying
243,460,75,55,70,55,95,110,Grass,Flying
244,360,55,70,55,40,55,85,Normal,Normal
245,180,30,30,30,30,30,30,Grass,Grass
246,425,75,75,55,105,85,30,Grass,Grass
247,390,65,65,45,75,45,95,Bug,Flying
248,210,55,45,45,25,25,15,Water,Ground
249,210,55,45,45,25,25,15,Poison,Ground
250,430,95,85,85,65,65,35,Water,Ground
251,525,65,65,60,130,95,110,Psychic,Psychic
252,525,95,65,110,60,130,65,Dark,Dark
253,405,60,85,42,85,42,91,Dark,Flying
254,490,95,75,80,100,110,30,Water,Psychic
255,490,95,65,80,110,110,30,Poison,Psychic
256,435,60,60,60,85,85,85,Ghost,Ghost
257,336,48,72,48,72,48,48,Psychic,Psychic
258,405,190,33,58,33,58,33,Psychic,Psychic
259,455,70,80,65,90,65,85,Normal,Psychic
260,290,50,65,90,35,35,15,Bug,Bug
261,465,75,90,140,60,60,40,Bug,Steel
262,415,100,70,70,65,65,45,Normal,Normal
263,430,65,75,105,35,65,85,Ground,Flying
264,510,75,85,200,55,65,30,Steel,Ground
265,610,75,125,230,55,95,30,Steel,Ground
266,300,60,80,50,40,40,30,Fairy,Fairy
267,450,90,120,75,60,60,45,Fairy,Fairy
268,440,65,95,85,55,55,85,Water,Poison
269,440,65,95,85,55,55,85,Dark,Poison
270,500,70,130,100,55,80,65,Bug,Steel
271,600,70,150,140,65,100,75,Bug,Steel
272,505,20,10,230,10,230,5,Bug,Rock
273,500,80,125,75,40,95,85,Bug,Fighting
274,600,80,185,115,40,105,75,Bug,Fighting
275,430,55,95,55,35,75,115,Dark,Ice
276,430,55,95,55,35,75,115,Fighting,Poison
277,330,60,80,50,50,50,40,Normal,Normal
278,500,90,130,75,75,75,55,Normal,Normal
279,250,40,40,40,70,40,20,Fire,Fire
280,430,60,50,120,90,80,30,Fire,Rock
281,250,50,50,40,30,30,50,Ice,Ground
282,450,100,100,80,60,60,50,Ice,Ground
283,410,65,55,95,65,95,35,Water,Rock
284,410,60,55,100,65,100,30,Ghost,Ghost
285,300,35,65,35,65,35,65,Water,Water
286,480,75,105,75,105,75,45,Water,Water
287,330,45,55,45,65,45,75,Ice,Flying
288,485,85,40,70,80,140,70,Water,Flying
289,465,65,80,140,40,70,70,Steel,Flying
290,330,45,60,30,80,50,65,Dark,Fire
291,500,75,90,50,110,80,95,Dark,Fire
292,600,75,90,90,140,90,115,Dark,Fire
293,540,75,95,95,95,95,85,Water,Dragon
294,330,90,60,60,40,40,40,Ground,Ground
295,500,90,120,120,60,60,50,Ground,Ground
296,515,85,80,90,105,95,60,Normal,Normal
297,465,73,95,62,85,65,85,Normal,Normal
298,250,55,20,35,20,45,75,Normal,Normal
299,210,35,35,35,35,35,35,Fighting,Fighting
300,455,50,95,95,35,110,70,Fighting,Fighting
301,305,45,30,15,85,65,65,Ice,Psychic
302,360,45,63,37,65,55,95,Electric,Electric
303,365,45,75,37,70,55,83,Fire,Fire
304,490,95,80,105,40,70,100,Normal,Normal
305,540,255,10,10,75,135,55,Normal,Normal
306,580,90,85,75,115,100,115,Electric,Electric
307,580,115,115,85,90,75,100,Fire,Fire
308,580,100,75,115,90,115,85,Water,Water
309,300,50,64,50,45,50,41,Rock,Ground
310,410,70,84,70,65,70,51,Rock,Ground
311,600,100,134,110,95,100,61,Rock,Dark
312,700,100,164,150,95,120,71,Rock,Dark
313,680,106,90,130,90,154,110,Psychic,Flying
314,680,106,130,90,110,154,90,Fire,Flying
315,600,100,100,100,100,100,100,Psychic,Grass
316,310,40,45,35,65,55,70,Grass,Grass
317,405,50,65,45,85,65,95,Grass,Grass
318,530,70,85,65,105,85,120,Grass,Grass
319,630,70,110,75,145,85,145,Grass,Dragon
320,310,45,60,40,70,50,45,Fire,Fire
321,405,60,85,60,85,60,55,Fire,Fighting
322,530,80,120,70,110,70,80,Fire,Fighting
323,630,80,160,80,130,80,100,Fire,Fighting
324,310,50,70,50,50,50,40,Water,Water
325,405,70,85,70,60,70,50,Water,Ground
326,535,100,110,90,85,90,60,Water,Ground
327,635,100,150,110,95,110,70,Water,Ground
328,220,35,55,35,30,30,35,Dark,Dark
329,420,70,90,70,60,60,70,Dark,Dark
330,240,38,30,41,30,41,60,Normal,Normal
331,240,38,30,41,30,41,60,Dark,Normal
332,420,78,70,61,50,61,100,Normal,Normal
333,420,78,70,61,50,61,100,Dark,Normal
334,195,45,45,35,20,30,20,Bug,Bug
335,205,50,35,55,25,25,15,Bug,Bug
336,395,60,70,50,100,50,65,Bug,Flying
337,205,50,35,55,25,25,15,Bug,Bug
338,385,60,50,70,50,90,65,Bug,Poison
339,220,40,30,30,40,50,30,Water,Grass
340,340,60,50,50,60,70,50,Water,Grass
341,480,80,70,70,90,100,70,Water,Grass
342,220,40,40,50,30,30,30,Grass,Grass
343,340,70,70,40,60,40,60,Grass,Dark
344,480,90,100,60,90,60,80,Grass,Dark
345,270,40,55,30,30,30,85,Normal,Flying
346,455,60,85,60,75,50,125,Normal,Flying
347,270,40,30,30,55,30,85,Water,Flying
348,440,60,50,100,95,70,65,Water,Flying
349,198,28,25,25,45,35,40,Psychic,Fairy
350,278,38,35,35,65,55,50,Psychic,Fairy
351,518,68,65,65,125,115,80,Psychic,Fairy
352,618,68,85,65,165,135,100,Psychic,Fairy
353,269,40,30,32,50,52,65,Bug,Water
354,454,70,60,62,100,82,80,Bug,Flying
355,295,60,40,60,40,60,35,Grass,Grass
356,460,60,130,80,60,60,70,Grass,Fighting
357,280,60,60,60,35,35,30,Normal,Normal
358,440,80,80,80,55,55,90,Normal,Normal
359,670,150,160,100,95,65,100,Normal,Normal
360,266,31,45,90,30,30,40,Bug,Ground
361,456,61,90,45,50,50,160,Bug,Flying
362,236,1,90,45,30,30,40,Bug,Ghost
363,240,64,51,23,51,23,28,Normal,Normal
364,360,84,71,43,71,43,48,Normal,Normal
365,490,104,91,63,91,73,68,Normal,Normal
366,237,72,60,30,20,30,25,Fighting,Fighting
367,474,144,120,60,40,60,50,Fighting,Fighting
368,190,50,20,40,20,40,20,Normal,Fairy
369,375,30,45,135,45,90,30,Rock,Rock
370,260,50,45,45,35,35,50,Normal,Normal
371,400,70,65,65,55,55,90,Normal,Normal
372,380,50,75,75,65,65,50,Dark,Ghost
373,480,50,85,125,85,115,20,Dark,Ghost
374,380,50,85,85,55,55,50,Steel,Fairy
375,480,50,105,125,55,95,50,Steel,Fairy
376,330,50,70,100,40,40,30,Steel,Rock
377,430,60,90,140,50,50,40,Steel,Rock
378,530,70,110,180,60,60,50,Steel,Rock
379,630,70,140,230,60,80,50,Steel,Steel
380,280,30,40,55,40,55,60,Fighting,Psychic
381,410,60,60,75,60,75,80,Fighting,Psychic
382,510,60,100,85,80,85,100,Fighting,Psychic
383,295,40,45,40,65,40,65,Electric,Electric
384,475,70,75,60,105,60,105,Electric,Electric
385,575,70,75,80,135,80,135,Electric,Electric
386,405,60,50,40,85,75,95,Electric,Electric
387,405,60,40,50,75,85,95,Electric,Electric
388,430,65,73,75,47,85,85,Bug,Bug
389,430,65,47,75,73,85,85,Bug,Bug
390,400,50,60,45,100,80,65,Grass,Poison
391,302,70,43,53,43,53,40,Poison,Poison
392,467,100,73,83,73,83,55,Poison,Poison
393,305,45,90,20,65,20,65,Water,Dark
394,460,70,120,40,95,40,95,Water,Dark
395,560,70,140,70,110,65,105,Water,Dark
396,400,130,70,35,70,35,60,Water,Water
397,500,170,90,45,90,45,60,Water,Water
398,305,60,60,40,65,45,35,Fire,Ground
399,460,70,100,70,105,75,40,Fire,Ground
400,560,70,120,100,145,105,20,Fire,Ground
401,470,70,85,140,85,70,20,Fire,Fire
402,330,60,25,35,70,80,60,Psychic,Psychic
403,470,80,45,65,90,110,80,Psychic,Psychic
404,360,60,60,60,60,60,60,Normal,Normal
405,290,45,100,45,45,45,10,Ground,Ground
406,340,50,70,50,50,50,70,Ground,Dragon
407,520,80,100,80,80,80,100,Ground,Dragon
408,335,50,85,40,85,40,35,Grass,Grass
409,475,70,115,60,115,60,55,Grass,Dark
410,310,45,40,60,40,75,50,Normal,Flying
411,490,75,70,90,70,105,80,Dragon,Flying
412,590,75,110,110,110,105,80,Dragon,Fairy
413,458,73,115,60,60,60,90,Normal,Normal
414,458,73,100,60,100,60,65,Poison,Poison
415,460,90,55,65,95,85,70,Rock,Psychic
416,460,90,95,85,55,65,70,Rock,Psychic
417,288,50,48,43,46,41,60,Water,Ground
418,468,110,78,73,76,71,60,Water,Ground
419,308,43,80,65,50,35,35,Water,Water
420,468,63,120,85,90,55,55,Water,Dark
421,300,40,40,55,40,70,55,Ground,Psychic
422,500,60,70,105,70,120,75,Ground,Psychic
423,355,66,41,77,61,87,23,Rock,Grass
424,495,86,81,97,81,107,43,Rock,Grass
425,355,45,95,50,40,50,75,Rock,Bug
426,495,75,125,100,70,80,45,Rock,Bug
427,200,20,15,20,10,55,80,Water,Water
428,540,95,60,79,100,125,81,Water,Water
429,420,70,70,70,70,70,70,Normal,Normal
430,420,70,70,70,70,70,70,Fire,Fire
431,420,70,70,70,70,70,70,Water,Water
432,420,70,70,70,70,70,70,Ice,Ice
433,440,60,90,70,60,120,40,Normal,Normal
434,295,44,75,35,63,33,45,Ghost,Ghost
435,455,64,115,65,83,63,65,Ghost,Ghost
436,555,64,165,75,93,83,75,Ghost,Ghost
437,295,20,40,90,30,90,25,Ghost,Ghost
438,455,40,70,130,60,130,25,Ghost,Ghost
439,460,99,68,83,72,87,51,Grass,Flying
440,455,75,50,80,95,90,65,Psychic,Psychic
441,465,65,130,60,75,60,75,Dark,Dark
442,565,65,150,60,115,60,115,Dark,Dark
443,260,95,23,48,23,48,23,Psychic,Psychic
444,300,50,50,50,50,50,50,Ice,Ice
445,480,80,80,80,80,80,80,Ice,Ice
446,580,80,120,80,120,80,100,Ice,Ice
447,290,70,40,50,55,50,25,Ice,Water
448,410,90,60,70,75,70,45,Ice,Water
449,530,110,80,90,95,90,65,Ice,Water
450,345,35,64,85,74,55,32,Water,Water
451,485,55,104,105,94,75,52,Water,Water
452,485,55,84,105,114,75,52,Water,Water
453,485,100,90,130,45,65,55,Water,Rock
454,330,43,30,55,40,65,97,Water,Water
455,300,45,75,60,40,30,50,Dragon,Dragon
456,420,65,95,100,60,50,50,Dragon,Dragon
457,600,95,135,80,110,80,100,Dragon,Flying
458,700,95,145,130,120,90,120,Dragon,Flying
459,300,40,55,80,35,60,30,Steel,Psychic
460,420,60,75,100,55,80,50,Steel,Psychic
461,600,80,135,130,95,90,70,Steel,Psychic
462,700,80,145,150,105,110,110,Steel,Psychic
463,580,80,100,200,50,100,50,Rock,Rock
464,580,80,50,100,100,200,50,Ice,Ice
465,580,80,75,150,75,150,50,Steel,Steel
466,600,80,80,90,110,130,110,Dragon,Psychic
467,700,80,100,120,140,150,110,Dragon,Psychic
468,600,80,90,80,130,110,110,Dragon,Psychic
469,700,80,130,100,160,120,110,Dragon,Psychic
470,670,100,100,90,150,140,90,Water,Water
471,770,100,150,90,180,160,90,Water,Water
472,670,100,150,140,100,90,90,Ground,Ground
473,770,100,180,160,150,90,90,Ground,Fire
474,680,105,150,90,150,90,95,Dragon,Flying
475,780,105,180,100,180,100,115,Dragon,Flying
476,600,100,100,100,100,100,100,Steel,Psychic
477,600,50,150,50,150,50,150,Psychic,Psychic
478,600,50,180,20,180,20,150,Psychic,Psychic
479,600,50,70,160,70,160,90,Psychic,Psychic
480,600,50,95,90,95,90,180,Psychic,Psychic
481,318,55,68,64,45,55,31,Grass,Grass
482,405,75,89,85,55,65,36,Grass,Grass
483,525,95,109,105,75,85,56,Grass,Ground
484,309,44,58,44,58,44,61,Fire,Fire
485,405,64,78,52,78,52,81,Fire,Fighting
486,534,76,104,71,104,71,108,Fire,Fighting
487,314,53,51,53,61,56,40,Water,Water
488,405,64,66,68,81,76,50,Water,Water
489,530,84,86,88,111,101,60,Water,Steel
490,245,40,55,30,30,30,60,Normal,Flying
491,340,55,75,50,40,40,80,Normal,Flying
492,485,85,120,70,50,60,100,Normal,Flying
493,250,59,45,40,35,40,31,Normal,Normal
494,410,79,85,60,55,60,71,Normal,Water
495,194,37,25,41,25,41,25,Bug,Bug
496,384,77,85,51,55,51,65,Bug,Bug
497,263,45,65,34,40,34,45,Electric,Electric
498,363,60,85,49,60,49,60,Electric,Electric
499,523,80,120,79,95,79,70,Electric,Electric
500,280,40,30,35,50,70,55,Grass,Poison
501,515,60,70,65,125,105,90,Grass,Poison
502,350,67,125,40,30,30,58,Rock,Rock
503,495,97,165,60,65,50,58,Rock,Rock
504,350,30,42,118,42,88,30,Rock,Steel
505,495,60,52,168,47,138,30,Rock,Steel
506,224,40,29,45,29,45,36,Bug,Bug
507,224,40,29,45,29,45,36,Bug,Bug
508,224,40,29,45,29,45,36,Bug,Bug
509,424,60,59,85,79,105,36,Bug,Grass
510,424,60,79,105,59,85,36,Bug,Ground
511,424,60,69,95,69,95,36,Bug,Steel
512,424,70,94,50,94,50,66,Bug,Flying
513,244,30,30,42,30,42,70,Bug,Flying
514,474,70,80,102,80,102,40,Bug,Flying
515,405,60,45,70,45,90,95,Electric,Electric
516,330,55,65,35,60,30,85,Water,Water
517,495,85,105,55,85,50,115,Water,Water
518,275,45,35,45,62,53,35,Grass,Grass
519,450,70,60,70,87,78,85,Grass,Grass
520,325,76,48,48,57,62,34,Water,Water
521,475,111,83,68,92,82,39,Water,Ground
522,482,75,100,66,60,66,115,Normal,Normal
523,348,90,50,34,60,44,70,Ghost,Flying
524,498,150,80,44,90,54,80,Ghost,Flying
525,350,55,66,44,44,56,85,Normal,Normal
526,480,65,76,84,54,96,105,Normal,Normal
527,580,65,136,94,54,96,135,Normal,Fighting
528,495,60,60,60,105,105,105,Ghost,Ghost
529,505,100,125,52,105,52,71,Dark,Flying
530,310,49,55,42,42,37,85,Normal,Normal
531,452,71,82,64,64,59,112,Normal,Normal
532,285,45,30,50,65,50,45,Psychic,Psychic
533,329,63,63,47,41,41,74,Poison,Dark
534,479,103,93,67,71,61,84,Poison,Dark
535,300,57,24,86,24,86,23,Steel,Psychic
536,500,67,89,116,79,116,33,Steel,Psychic
537,290,50,80,95,10,45,10,Rock,Rock
538,310,20,25,45,70,90,60,Psychic,Fairy
539,220,100,5,5,15,65,30,Normal,Normal
540,411,76,65,45,92,42,91,Normal,Flying
541,485,50,92,108,92,108,35,Ghost,Dark
542,300,58,70,45,40,45,42,Dragon,Ground
543,410,68,90,65,50,55,82,Dragon,Ground
544,600,108,130,95,80,85,102,Dragon,Ground
545,700,108,170,115,120,95,92,Dragon,Ground
546,390,135,85,40,40,85,5,Normal,Normal
547,285,40,70,40,35,40,60,Fighting,Fighting
548,525,70,110,70,115,70,90,Fighting,Steel
549,625,70,145,88,140,70,112,Fighting,Steel
550,330,68,72,78,38,42,32,Ground,Ground
551,525,108,112,118,68,72,47,Ground,Ground
552,330,40,50,90,30,55,65,Poison,Bug
553,500,70,90,110,60,75,95,Poison,Dark
554,300,48,61,40,61,40,50,Poison,Fighting
555,490,83,106,65,86,65,85,Poison,Fighting
556,454,74,100,72,90,72,46,Grass,Grass
557,330,49,49,56,49,61,66,Water,Water
558,460,69,69,76,69,86,91,Water,Water
559,345,45,20,50,60,120,50,Water,Flying
560,334,60,62,50,62,60,40,Grass,Ice
561,494,90,92,75,92,85,60,Grass,Ice
562,594,90,132,105,132,105,30,Grass,Ice
563,510,70,120,65,45,85,125,Dark,Ice
564,535,70,70,115,130,90,60,Electric,Steel
565,515,110,85,95,80,95,50,Normal,Normal
566,535,115,140,130,55,55,40,Ground,Rock
567,535,100,100,125,110,50,50,Grass,Grass
568,540,75,123,67,95,85,95,Electric,Electric
569,540,75,95,67,125,95,83,Fire,Fire
570,545,85,50,95,120,115,80,Fairy,Flying
571,515,86,76,86,116,56,95,Bug,Flying
572,525,65,110,130,60,65,95,Grass,Grass
573,525,65,60,110,130,95,65,Ice,Ice
574,510,75,95,125,45,75,95,Ground,Flying
575,530,110,130,80,70,60,80,Ice,Ground
576,535,85,80,70,135,75,90,Normal,Normal
577,518,68,125,65,65,115,80,Psychic,Fighting
578,618,68,165,95,65,115,110,Psychic,Fighting
579,525,60,55,145,75,150,40,Rock,Steel
580,525,45,100,135,65,135,45,Ghost,Ghost
581,480,70,80,70,80,70,110,Ice,Ghost
582,440,50,50,77,95,77,91,Electric,Ghost
583,520,50,65,107,105,107,86,Electric,Fire
584,520,50,65,107,105,107,86,Electric,Water
585,520,50,65,107,105,107,86,Electric,Ice
586,520,50,65,107,105,107,86,Electric,Flying
587,520,50,65,107,105,107,86,Electric,Grass
588,580,75,75,130,75,130,95,Psychic,Psychic
589,580,80,105,105,105,105,80,Psychic,Psychic
590,580,75,125,70,125,70,115,Psychic,Psychic
591,680,100,120,120,150,100,90,Steel,Dragon
592,680,100,100,120,150,120,90,Steel,Dragon
593,680,90,120,100,150,120,100,Water,Dragon
594,680,90,100,100,150,120,120,Water,Dragon
595,600,91,90,106,130,106,77,Fire,Steel
596,670,110,160,110,80,110,100,Normal,Normal
597,680,150,100,120,100,120,90,Ghost,Dragon
598,680,150,120,100,120,100,90,Ghost,Dragon
599,580,120,70,110,75,120,85,Psychic,Psychic
600,480,80,80,80,80,80,80,Water,Water
601,600,100,100,100,100,100,100,Water,Water
602,600,70,90,90,135,90,125,Dark,Dark
603,600,100,100,100,100,100,100,Grass,Grass
604,600,100,103,75,120,75,127,Grass,Flying
605,720,120,120,120,120,120,120,Normal,Normal
606,600,100,100,100,100,100,100,Psychic,Fire
607,308,45,45,55,45,55,63,Grass,Grass
608,413,60,60,75,60,75,83,Grass,Grass
609,528,75,75,95,75,95,113,Grass,Grass
610,308,65,63,45,45,45,45,Fire,Fire
611,418,90,93,55,70,55,55,Fire,Fighting
612,528,110,123,65,100,65,65,Fire,Fighting
613,308,55,55,45,63,45,45,Water,Water
614,413,75,75,60,83,60,60,Water,Water
615,528,95,100,85,108,70,70,Water,Water
616,528,90,108,80,100,65,85,Water,Dark
617,255,45,55,39,35,39,42,Normal,Normal
618,420,60,85,69,60,69,77,Normal,Normal
619,275,45,60,45,25,45,55,Normal,Normal
620,370,65,80,65,35,65,60,Normal,Normal
621,500,85,110,90,45,90,80,Normal,Normal
622,281,41,50,37,50,37,66,Dark,Dark
623,446,64,88,50,88,50,106,Dark,Dark
624,316,50,53,48,53,48,64,Grass,Grass
625,498,75,98,63,98,63,101,Grass,Grass
626,316,50,53,48,53,48,64,Fire,Fire
627,498,75,98,63,98,63,101,Fire,Fire
628,316,50,53,48,53,48,64,Water,Water
629,498,75,98,63,98,63,101,Water,Water
630,292,76,25,45,67,55,24,Psychic,Psychic
631,487,116,55,85,107,95,29,Psychic,Psychic
632,264,50,55,50,36,30,43,Normal,Flying
633,358,62,77,62,50,42,65,Normal,Flying
634,488,80,115,80,65,55,93,Normal,Flying
635,295,45,60,32,50,32,76,Electric,Electric
636,497,75,100,63,80,63,116,Electric,Electric
637,280,55,75,85,25,25,15,Rock,Rock
638,390,70,105,105,50,40,20,Rock,Rock
639,515,85,135,130,60,80,25,Rock,Rock
640,323,65,45,43,55,43,72,Psychic,Flying
641,425,67,57,55,77,55,114,Psychic,Flying
642,328,60,85,40,30,45,68,Ground,Ground
643,508,110,135,60,50,65,88,Ground,Steel
644,445,103,60,86,60,86,50,Normal,Normal
645,545,103,60,126,80,126,50,Normal,Fairy
646,305,75,80,55,25,35,35,Fighting,Fighting
647,405,85,105,85,40,50,40,Fighting,Fighting
648,505,105,140,95,55,65,45,Fighting,Fighting
649,294,50,50,40,50,40,64,Water,Water
650,384,75,65,55,65,55,69,Water,Ground
651,509,105,95,75,85,75,74,Water,Ground
652,465,120,100,85,30,85,45,Fighting,Fighting
653,465,75,125,75,30,75,85,Fighting,Fighting
654,310,45,53,70,40,60,42,Bug,Grass
655,380,55,63,90,50,80,42,Bug,Grass
656,500,75,103,80,70,80,92,Bug,Grass
657,260,30,45,59,30,39,57,Bug,Poison
658,360,40,55,99,40,79,47,Bug,Poison
659,485,60,100,89,55,69,112,Bug,Poison
660,280,40,27,60,37,50,66,Grass,Fairy
661,480,60,67,85,77,75,116,Grass,Fairy
662,280,45,35,50,70,50,30,Grass,Grass
663,480,70,60,75,110,75,90,Grass,Grass
664,480,70,105,75,50,75,105,Grass,Fighting
665,460,70,92,65,80,55,98,Water,Water
666,460,70,92,65,80,55,98,Water,Water
667,460,70,92,65,80,55,98,Water,Water
668,292,50,72,35,35,35,65,Ground,Dark
669,351,60,82,45,45,45,74,Ground,Dark
670,519,95,117,80,65,70,92,Ground,Dark
671,315,70,90,45,15,45,50,Fire,Fire
672,315,70,90,45,15,45,50,Ice,Ice
673,480,105,140,55,30,55,95,Fire,Fire
674,540,105,30,105,140,105,55,Fire,Psychic
675,480,105,140,55,30,55,95,Ice,Ice
676,540,105,160,55,30,55,135,Ice,Fire
677,461,75,86,67,106,67,60,Grass,Grass
678,325,50,65,85,35,35,55,Bug,Rock
679,485,70,105,125,65,75,45,Bug,Rock
680,348,50,75,70,35,70,48,Dark,Fighting
681,488,65,90,115,45,115,58,Dark,Fighting
682,490,72,58,80,103,80,97,Psychic,Flying
683,303,38,30,85,55,65,30,Ghost,Ghost
684,303,38,55,85,30,65,30,Ground,Ghost
685,483,58,50,145,95,105,30,Ghost,Ghost
686,355,54,78,103,53,45,22,Water,Rock
687,495,74,108,133,83,65,32,Water,Rock
688,401,55,112,45,74,45,70,Rock,Flying
689,567,75,140,65,112,65,110,Rock,Flying
690,329,50,50,62,40,62,65,Poison,Poison
691,474,80,95,82,60,82,75,Poison,Poison
692,330,40,65,40,80,40,65,Dark,Dark
693,330,35,60,40,85,40,70,Normal,Ghost
694,510,60,105,60,120,60,105,Dark,Dark
695,510,55,100,60,125,60,110,Normal,Ghost
696,300,55,50,40,40,40,75,Normal,Normal
697,470,75,95,60,65,60,115,Normal,Normal
698,290,45,30,50,55,65,45,Psychic,Psychic
699,390,60,45,70,75,85,55,Psychic,Psychic
700,490,70,55,95,95,110,65,Psychic,Psychic
701,290,45,30,40,105,50,20,Psychic,Psychic
702,370,65,40,50,125,60,30,Psychic,Psychic
703,490,110,65,75,125,85,30,Psychic,Psychic
704,305,62,44,50,44,50,55,Water,Flying
705,473,75,87,63,87,63,98,Water,Flying
706,305,36,50,50,65,60,44,Ice,Ice
707,395,51,65,65,80,75,59,Ice,Ice
708,535,71,95,85,110,95,79,Ice,Ice
709,335,60,60,50,40,50,75,Normal,Grass
710,475,80,100,70,60,70,95,Normal,Grass
711,428,55,75,60,75,60,103,Electric,Flying
712,315,50,75,45,40,45,60,Bug,Bug
713,495,70,135,105,60,105,20,Bug,Steel
714,294,69,55,45,55,55,15,Grass,Poison
715,464,114,85,70,85,80,30,Grass,Poison
716,335,55,40,50,65,85,40,Water,Ghost
717,480,100,60,70,85,105,60,Water,Ghost
718,470,165,75,80,40,45,65,Water,Water
719,319,50,47,50,57,50,65,Bug,Electric
720,472,70,77,60,97,60,108,Bug,Electric
721,305,44,50,91,24,86,10,Grass,Steel
722,489,74,94,131,54,116,20,Grass,Steel
723,300,40,55,70,45,60,30,Steel,Steel
724,440,60,80,95,70,85,50,Steel,Steel
725,520,60,100,115,70,85,90,Steel,Steel
726,275,35,55,40,45,40,60,Electric,Electric
727,405,65,85,70,75,70,40,Electric,Electric
728,515,85,115,80,105,80,50,Electric,Electric
729,335,55,55,55,85,55,30,Psychic,Psychic
730,485,75,75,75,125,95,40,Psychic,Psychic
731,275,50,30,55,65,55,20,Ghost,Fire
732,370,60,40,60,95,60,55,Ghost,Fire
733,520,60,55,90,145,90,80,Ghost,Fire
734,320,46,87,60,30,40,57,Dragon,Dragon
735,410,66,117,70,40,50,67,Dragon,Dragon
736,540,76,147,90,60,70,97,Dragon,Dragon
737,305,55,70,40,60,40,40,Ice,Ice
738,505,95,130,80,70,80,50,Ice,Ice
739,515,80,50,50,95,135,105,Ice,Ice
740,305,50,40,85,40,65,25,Bug,Bug
741,495,80,70,40,100,60,145,Bug,Bug
742,471,109,66,84,81,99,32,Ground,Electric
743,471,109,81,99,66,84,32,Ground,Steel
744,350,45,85,50,55,50,65,Fighting,Fighting
745,510,65,125,60,95,60,105,Fighting,Fighting
746,485,77,120,90,60,90,48,Dragon,Dragon
747,303,59,74,50,35,50,35,Ground,Ghost
748,483,89,124,80,55,80,55,Ground,Ghost
749,340,45,85,70,40,40,60,Dark,Steel
750,490,65,125,100,60,70,70,Dark,Steel
751,490,95,110,95,40,95,55,Normal,Normal
752,350,70,83,50,37,50,60,Normal,Flying
753,510,100,123,75,57,75,80,Normal,Flying
754,510,110,83,70,112,70,65,Psychic,Flying
755,370,70,55,75,45,65,60,Dark,Flying
756,510,110,65,105,55,95,80,Dark,Flying
757,484,85,97,66,105,66,65,Fire,Fire
758,484,58,109,112,48,48,109,Bug,Steel
759,300,52,65,50,45,50,38,Dark,Dragon
760,420,72,85,70,65,70,58,Dark,Dragon
761,600,92,105,90,125,90,98,Dark,Dragon
762,360,55,85,55,50,55,60,Bug,Fire
763,550,85,60,65,135,105,100,Bug,Fire
764,580,91,90,129,90,72,108,Steel,Fighting
765,580,91,129,90,72,90,108,Rock,Fighting
766,580,91,90,72,90,129,108,Grass,Fighting
767,580,79,115,70,125,80,111,Flying,Flying
768,580,79,100,80,110,90,121,Flying,Flying
769,580,79,115,70,125,80,111,Electric,Flying
770,580,79,105,70,145,80,101,Electric,Flying
771,680,100,120,100,150,120,90,Dragon,Fire
772,680,100,150,120,120,100,90,Dragon,Electric
773,600,89,125,90,115,80,101,Ground,Flying
774,600,89,145,90,105,80,91,Ground,Flying
775,660,125,130,90,130,90,95,Dragon,Ice
776,700,125,120,90,170,100,95,Dragon,Ice
777,700,125,170,100,120,90,95,Dragon,Ice
778,580,91,72,90,129,90,108,Water,Fighting
779,580,91,72,90,129,90,108,Water,Fighting
780,600,100,77,77,128,128,90,Normal,Psychic
781,600,100,128,90,77,77,128,Normal,Fighting
782,600,71,120,95,120,95,99,Bug,Steel
783,313,56,61,65,48,45,38,Grass,Grass
784,405,61,78,95,56,58,57,Grass,Grass
785,530,88,107,122,74,75,64,Grass,Fighting
786,307,40,45,40,62,60,60,Fire,Fire
787,409,59,59,58,90,70,73,Fire,Fire
788,534,75,69,72,114,100,104,Fire,Psychic
789,314,41,56,40,62,44,71,Water,Water
790,405,54,63,52,83,56,97,Water,Water
791,530,72,95,67,103,71,122,Water,Dark
792,640,72,145,67,153,71,132,Water,Dark
793,237,38,36,38,32,36,57,Normal,Normal
794,423,85,56,77,50,77,78,Normal,Ground
795,278,45,50,43,40,38,62,Normal,Flying
796,382,62,73,55,56,52,84,Fire,Flying
797,499,78,81,71,74,69,126,Fire,Flying
798,200,38,35,40,27,25,35,Bug,Bug
799,213,45,22,60,27,30,29,Bug,Bug
800,411,80,52,50,90,50,89,Bug,Flying
801,369,62,50,58,73,54,72,Fire,Normal
802,507,86,68,72,109,66,106,Fire,Normal
803,303,44,38,39,61,79,42,Fairy,Fairy
804,371,54,45,47,75,98,52,Fairy,Fairy
805,552,78,65,68,112,154,75,Fairy,Fairy
806,350,66,65,48,62,57,52,Grass,Grass
807,531,123,100,62,97,81,68,Grass,Grass
808,348,67,82,62,46,48,43,Fighting,Fighting
809,495,95,124,78,69,71,58,Fighting,Dark
810,472,75,80,60,65,90,102,Normal,Normal
811,355,62,48,54,63,60,68,Psychic,Psychic
812,466,74,48,76,83,81,104,Psychic,Psychic
813,466,74,48,76,83,81,104,Psychic,Psychic
814,325,45,80,100,35,37,28,Steel,Ghost
815,448,59,110,150,45,49,35,Steel,Ghost
816,500,60,50,140,50,140,60,Steel,Ghost
817,500,60,140,50,140,50,60,Steel,Ghost
818,341,78,52,60,63,65,23,Fairy,Fairy
819,462,101,72,72,99,89,29,Fairy,Fairy
820,341,62,48,66,59,57,49,Fairy,Fairy
821,480,82,80,86,85,75,72,Fairy,Fairy
822,288,53,54,53,37,46,45,Dark,Psychic
823,482,86,92,88,68,75,73,Dark,Psychic
824,306,42,52,67,39,56,50,Rock,Water
825,500,72,105,115,54,86,68,Rock,Water
826,320,50,60,60,60,60,30,Poison,Water
827,494,65,75,90,97,123,44,Poison,Dragon
828,330,50,53,62,58,63,44,Water,Water
829,500,71,73,88,120,89,59,Water,Water
830,289,44,38,33,61,43,70,Electric,Normal
831,481,62,55,52,109,94,109,Electric,Normal
832,362,58,89,77,45,45,48,Rock,Dragon
833,521,82,121,119,69,59,71,Rock,Dragon
834,362,77,59,50,67,63,46,Rock,Ice
835,521,123,77,72,99,92,58,Rock,Ice
836,525,95,65,65,110,130,60,Fairy,Fairy
837,500,78,92,75,74,63,118,Fighting,Flying
838,431,67,58,57,81,67,101,Electric,Fairy
839,500,50,50,150,50,150,50,Rock,Fairy
840,300,45,50,35,55,75,40,Dragon,Dragon
841,452,68,75,53,83,113,60,Dragon,Dragon
842,452,58,75,83,83,113,40,Steel,Dragon
843,600,90,100,70,110,150,80,Dragon,Dragon
844,600,80,100,100,110,150,60,Steel,Dragon
845,470,57,80,91,80,87,75,Steel,Fairy
846,309,43,70,48,50,60,38,Ghost,Grass
847,474,85,110,76,65,82,56,Ghost,Grass
848,335,49,66,70,44,55,51,Ghost,Grass
849,335,44,66,70,44,55,56,Ghost,Grass
850,335,54,66,70,44,55,46,Ghost,Grass
851,335,59,66,70,44,55,41,Ghost,Grass
852,494,65,90,122,58,75,84,Ghost,Grass
853,494,55,85,122,58,75,99,Ghost,Grass
854,494,75,95,122,58,75,69,Ghost,Grass
855,494,85,100,122,58,75,54,Ghost,Grass
856,304,55,69,85,32,35,28,Ice,Ice
857,514,95,117,184,44,46,28,Ice,Ice
858,514,95,127,184,34,36,38,Ice,Rock
859,245,40,30,35,45,40,55,Flying,Dragon
860,535,85,70,80,97,80,123,Flying,Dragon
861,680,126,131,95,131,98,99,Fairy,Fairy
862,680,126,131,95,131,98,99,Dark,Flying
863,600,108,100,121,81,95,95,Dragon,Ground
864,486,54,100,71,61,85,115,Dragon,Ground
865,708,216,100,121,91,95,85,Dragon,Ground
866,600,50,100,150,100,150,50,Rock,Fairy
867,700,50,160,110,160,110,110,Rock,Fairy
868,600,80,110,60,150,130,70,Psychic,Ghost
869,680,80,160,60,170,130,80,Psychic,Dark
870,600,80,110,120,130,90,70,Fire,Water
871,320,68,55,55,50,50,42,Grass,Flying
872,420,78,75,75,70,70,52,Grass,Flying
873,530,78,107,75,100,100,70,Grass,Ghost
874,530,88,112,80,95,95,60,Grass,Fighting
875,320,45,65,40,60,40,70,Fire,Fire
876,420,65,85,50,80,50,90,Fire,Fire
877,530,95,115,90,80,90,60,Fire,Dark
878,320,50,54,54,66,56,40,Water,Water
879,420,60,69,69,91,81,50,Water,Water
880,530,80,74,74,126,116,60,Water,Fairy
881,265,35,75,30,30,30,65,Normal,Flying
882,355,55,85,50,40,50,75,Normal,Flying
883,485,80,120,75,75,75,60,Normal,Flying
884,253,48,70,30,30,30,45,Normal,Normal
885,418,88,110,60,55,60,45,Normal,Normal
886,300,47,62,45,55,45,46,Bug,Bug
887,400,57,82,95,55,75,36,Bug,Electric
888,500,77,70,90,145,75,43,Bug,Electric
889,338,47,82,57,42,47,63,Fighting,Fighting
890,478,97,132,77,62,67,43,Fighting,Ice
891,476,75,70,70,98,70,93,Fire,Flying
892,476,75,70,70,98,70,93,Electric,Flying
893,476,75,70,70,98,70,93,Psychic,Flying
894,476,75,70,70,98,70,93,Ghost,Flying
895,304,40,45,40,55,40,84,Bug,Fairy
896,464,60,55,60,95,70,124,Bug,Fairy
897,280,45,65,40,30,40,60,Rock,Rock
898,280,45,65,40,30,40,60,Rock,Rock
899,487,75,115,65,55,65,112,Rock,Rock
900,487,85,115,75,55,75,82,Rock,Rock
901,487,75,117,65,55,65,110,Rock,Rock
902,175,45,20,20,25,25,40,Water,Water
903,620,45,140,130,140,135,30,Water,Water
904,305,50,53,62,43,52,45,Poison,Water
905,495,50,63,152,53,142,35,Poison,Water
906,385,70,100,70,45,55,45,Ground,Ground
907,500,100,125,100,55,85,35,Ground,Ground
908,269,38,40,52,40,72,27,Water,Bug
909,454,68,70,92,50,132,42,Water,Bug
910,250,40,55,35,50,35,35,Grass,Grass
911,480,70,105,90,80,90,45,Grass,Grass
912,285,40,35,55,65,75,15,Grass,Fairy
913,405,60,45,80,90,100,30,Grass,Fairy
914,320,48,44,40,71,40,77,Poison,Fire
915,480,68,64,60,111,60,117,Poison,Fire
916,340,70,75,50,45,50,50,Normal,Fighting
917,500,120,125,80,55,60,60,Normal,Fighting
918,210,42,30,38,30,38,32,Grass,Grass
919,290,52,40,48,40,48,62,Grass,Grass
920,510,72,120,98,50,98,72,Grass,Grass
921,485,51,52,90,82,110,100,Fairy,Fairy
922,490,90,60,80,90,110,60,Normal,Psychic
923,490,100,120,90,40,60,80,Fighting,Fighting
924,230,25,35,40,20,30,80,Bug,Water
925,530,75,125,140,60,90,40,Bug,Water
926,320,55,55,80,70,45,15,Ghost,Ground
927,480,85,75,110,100,75,35,Ghost,Ground
928,410,55,60,130,30,130,5,Water,Water
929,534,95,95,95,95,95,59,Normal,Normal
930,570,95,95,95,95,95,95,Normal,Normal
931,440,60,60,100,60,100,60,Rock,Flying
932,500,60,100,60,100,60,120,Rock,Flying
933,480,65,115,65,75,95,65,Normal,Normal
934,485,60,78,135,91,85,36,Fire,Dragon
935,435,65,98,63,40,73,96,Electric,Steel
936,476,55,90,80,50,105,96,Ghost,Fairy
937,475,68,105,70,70,70,92,Water,Psychic
938,485,78,60,85,135,91,36,Normal,Dragon
939,517,70,131,100,86,90,40,Ghost,Grass
940,300,45,55,65,45,45,45,Dragon,Dragon
941,420,55,75,90,65,70,65,Dragon,Fighting
942,600,75,110,125,100,105,85,Dragon,Fighting
943,570,70,115,85,95,75,130,Electric,Fairy
944,570,70,85,75,130,115,95,Psychic,Fairy
945,570,70,130,115,85,95,75,Grass,Fairy
946,570,70,75,115,95,130,85,Water,Fairy
947,200,43,29,31,29,31,37,Psychic,Psychic
948,400,43,29,131,29,131,37,Psychic,Psychic
949,680,137,137,107,113,89,97,Psychic,Steel
950,680,137,113,89,137,107,97,Psychic,Ghost
951,570,109,53,47,127,131,103,Rock,Poison
952,570,107,139,139,53,53,79,Bug,Fighting
953,570,71,137,37,137,37,151,Bug,Fighting
954,570,83,89,71,173,71,83,Electric,Electric
955,570,97,101,103,107,101,61,Steel,Flying
956,570,59,181,131,59,31,109,Grass,Steel
957,570,223,101,53,97,53,43,Dark,Dragon
958,600,97,107,101,127,89,79,Psychic,Psychic
959,680,97,157,127,113,109,77,Psychic,Steel
960,680,97,113,109,157,127,77,Psychic,Ghost
961,754,97,167,97,167,97,129,Psychic,Dragon
962,600,80,95,115,130,115,65,Steel,Fairy
963,600,90,125,80,90,90,125,Fighting,Ghost
964,420,67,73,67,73,67,73,Poison,Poison
965,540,73,73,73,127,73,121,Poison,Dragon
966,570,61,131,211,53,101,13,Rock,Steel
967,570,53,127,53,151,79,107,Fire,Ghost
968,600,88,112,75,102,80,143,Electric,Electric
969,300,46,65,65,55,35,34,Steel,Steel
970,600,135,143,143,80,65,34,Steel,Steel
971,310,50,65,50,40,40,65,Grass,Grass
972,420,70,85,70,55,60,80,Grass,Grass
973,530,100,125,90,60,70,85,Grass,Grass
974,310,50,71,40,40,40,69,Fire,Fire
975,420,65,86,60,55,60,94,Fire,Fire
976,530,80,116,75,65,75,119,Fire,Fire
977,310,50,40,40,70,40,70,Water,Water
978,420,65,60,55,95,55,90,Water,Water
979,530,70,85,65,125,65,120,Water,Water
980,275,70,55,55,35,35,25,Normal,Normal
981,460,120,95,95,55,75,20,Normal,Normal
982,245,38,47,35,33,35,57,Flying,Flying
983,365,68,67,55,43,55,77,Flying,Flying
984,495,98,87,105,53,85,67,Flying,Steel
985,180,25,20,20,25,45,45,Bug,Bug
986,335,50,35,80,50,90,30,Bug,Psychic
987,505,60,45,110,80,120,90,Bug,Psychic
988,245,40,28,28,47,52,50,Dark,Dark
989,455,70,58,58,87,92,90,Dark,Dark
990,250,40,40,60,40,60,10,Grass,Grass
991,460,60,50,90,80,120,60,Grass,Grass
992,270,42,40,55,40,45,48,Normal,Normal
993,490,72,80,100,60,90,88,Normal,Normal
994,284,50,64,50,38,38,44,Water,Water
995,485,90,115,90,48,68,74,Water,Rock
996,270,59,45,50,40,50,26,Electric,Electric
997,490,69,90,60,90,60,121,Electric,Electric
998,240,30,40,50,40,50,30,Rock,Rock
999,410,80,60,90,60,70,50,Rock,Fire
1000,510,110,80,120,80,90,30,Rock,Fire
1001,260,40,40,80,40,40,20,Grass,Dragon
1002,485,70,110,80,95,60,70,Grass,Dragon
1003,485,110,85,80,100,80,30,Grass,Dragon
1004,315,52,57,75,35,50,46,Ground,Ground
1005,510,72,107,125,65,70,71,Ground,Ground
1006,475,70,85,55,85,95,85,Flying,Water
1007,280,41,63,40,40,30,66,Water,Water
1008,490,61,123,60,60,50,136,Water,Water
1009,242,40,38,35,54,35,40,Electric,Poison
1010,502,75,98,70,114,70,75,Electric,Poison
1011,502,75,98,70,114,70,75,Electric,Poison
1012,305,50,65,45,50,50,45,Fire,Bug
1013,525,100,115,65,90,90,65,Fire,Bug
1014,310,50,68,60,50,50,32,Fighting,Fighting
1015,480,80,118,90,70,80,42,Fighting,Fighting
1016,308,40,45,45,74,54,50,Ghost,Ghost
1017,508,60,65,65,134,114,70,Ghost,Ghost
1018,265,42,30,45,56,53,39,Psychic,Psychic
1019,370,57,40,65,86,73,49,Psychic,Psychic
1020,510,57,90,95,136,103,29,Psychic,Fairy
1021,265,45,45,30,55,40,50,Dark,Fairy
1022,370,65,60,45,75,55,70,Dark,Fairy
1023,510,95,120,65,95,75,60,Dark,Fairy
1024,520,93,90,101,60,81,95,Dark,Normal
1025,440,70,110,100,50,60,50,Steel,Steel
1026,510,60,95,50,145,130,30,Ghost,Ghost
1027,507,62,135,95,68,82,65,Fighting,Fighting
1028,520,80,85,75,110,100,70,Ice,Psychic
1029,483,58,95,145,50,105,30,Ground,Ghost
1030,270,45,40,40,50,61,34,Fairy,Fairy
1031,495,65,60,75,110,121,64,Fairy,Fairy
1032,470,65,100,100,70,60,75,Fighting,Fighting
1033,435,48,101,95,91,85,15,Electric,Electric
1034,185,30,25,35,45,30,20,Ice,Bug
1035,475,70,65,60,125,90,65,Ice,Bug
1036,470,100,125,135,20,20,70,Rock,Rock
1037,470,75,80,110,65,90,50,Ice,Ice
1038,470,75,80,70,65,50,130,Ice,Ice
1039,475,60,65,55,105,95,95,Psychic,Normal
1040,475,70,55,65,95,105,85,Psychic,Normal
1041,436,58,95,58,70,58,97,Electric,Dark
1042,436,58,95,58,70,58,97,Electric,Dark
1043,330,72,80,49,40,49,40,Steel,Steel
1044,500,122,130,69,80,69,30,Steel,Steel
1045,505,90,100,90,80,70,75,Electric,Dragon
1046,505,90,100,90,90,80,55,Electric,Ice
1047,505,90,90,100,70,80,75,Water,Dragon
1048,505,90,90,100,80,90,55,Water,Ice
1049,535,70,95,115,120,50,85,Steel,Dragon
1050,270,28,60,30,40,30,82,Dragon,Ghost
1051,410,68,80,50,60,50,102,Dragon,Ghost
1052,600,88,120,75,100,75,142,Dragon,Ghost
1053,660,92,120,115,80,115,138,Fairy,Fairy
1054,700,92,150,115,80,115,148,Fairy,Steel
1055,660,92,120,115,80,115,138,Fighting,Fighting
1056,700,92,120,140,80,140,128,Fighting,Steel
1057,690,140,85,95,145,95,130,Poison,Dragon
1058,1125,255,115,250,125,250,130,Poison,Dragon
1059,385,60,90,60,53,50,72,Fighting,Fighting
1060,550,100,130,100,63,60,97,Fighting,Dark
1061,550,100,130,100,63,60,97,Fighting,Water
1062,600,105,120,105,70,95,105,Dark,Grass
1063,580,80,100,50,100,50,200,Electric,Electric
1064,580,200,100,50,100,50,80,Dragon,Dragon
1065,580,100,145,130,65,110,30,Ice,Ice
1066,580,100,65,60,145,80,130,Ghost,Ghost
1067,500,100,80,80,80,80,80,Psychic,Grass
1068,680,100,165,150,85,130,50,Psychic,Ice
1069,680,100,85,80,165,100,150,Psychic,Ghost
1070,525,103,105,72,105,75,65,Normal,Psychic
1071,500,70,135,95,45,70,85,Bug,Rock
1072,550,130,140,105,45,80,50,Ground,Normal
1073,555,113,70,120,135,65,52,Ground,Normal
1074,530,120,112,65,80,75,78,Water,Ghost
1075,530,120,92,65,100,75,78,Water,Ghost
1076,510,80,130,60,40,80,120,Fighting,Poison
1077,510,85,115,95,65,65,85,Dark,Poison
1078,580,74,115,70,135,80,106,Fairy,Flying
1079,580,74,115,110,135,100,46,Fairy,Flying
1080,310,40,61,54,45,45,65,Grass,Grass
1081,410,61,80,63,60,63,83,Grass,Grass
1082,530,76,110,70,81,70,123,Grass,Dark
1083,310,67,45,59,63,40,36,Fire,Fire
1084,411,81,55,78,90,58,49,Fire,Fire
1085,530,104,75,100,110,75,66,Fire,Ghost
1086,310,55,65,45,50,45,50,Water,Water
1087,410,70,85,65,65,60,65,Water,Water
1088,530,85,120,80,85,75,85,Water,Fighting
1089,254,54,45,40,35,45,35,Normal,Normal
1090,489,110,100,75,59,80,65,Normal,Normal
1091,489,115,90,70,59,90,65,Normal,Normal
1092,210,35,41,45,29,40,20,Bug,Bug
1093,404,60,79,92,52,86,35,Bug,Bug
1094,210,33,46,40,21,25,45,Bug,Bug
1095,450,71,102,78,52,55,92,Bug,Dark
1096,240,45,50,20,40,25,60,Electric,Electric
1097,350,60,75,40,50,40,85,Electric,Fighting
1098,490,70,115,70,70,60,105,Electric,Fighting
1099,305,50,50,45,40,45,75,Normal,Normal
1100,470,74,75,70,65,75,111,Normal,Normal
1101,470,74,75,70,65,75,111,Normal,Normal
1102,312,37,55,70,30,55,65,Fairy,Fairy
1103,477,57,80,115,50,80,95,Fairy,Fairy
1104,260,41,35,45,58,51,30,Grass,Normal
1105,354,52,53,60,78,78,33,Grass,Normal
1106,510,78,69,90,125,109,39,Grass,Normal
1107,417,82,96,51,45,51,92,Normal,Flying
1108,417,82,96,51,45,51,92,Normal,Flying
1109,417,82,96,51,45,51,92,Normal,Flying
1110,417,82,96,51,45,51,92,Normal,Flying
1111,280,55,55,75,35,35,25,Rock,Rock
1112,355,60,60,100,35,65,35,Rock,Rock
1113,500,100,100,130,45,90,35,Rock,Rock
1114,255,40,50,40,50,40,35,Fire,Fire
1115,525,85,60,100,125,80,75,Fire,Psychic
1116,525,75,125,80,60,100,85,Fire,Ghost
1117,272,61,31,41,59,35,45,Electric,Electric
1118,495,109,64,91,103,83,45,Electric,Electric
1119,280,40,40,35,55,40,70,Electric,Flying
1120,490,70,70,60,105,60,125,Electric,Flying
1121,340,60,78,60,40,51,51,Dark,Dark
1122,505,80,120,90,60,70,85,Dark,Dark
1123,290,40,65,35,40,35,75,Poison,Normal
1124,485,63,95,65,80,72,110,Poison,Normal
1125,275,40,65,30,45,35,60,Grass,Ghost
1126,480,55,115,70,80,70,90,Grass,Ghost
1127,335,40,40,35,50,100,70,Ground,Grass
1128,515,80,70,65,80,120,100,Ground,Grass
1129,450,70,100,115,35,55,75,Rock,Rock
1130,304,50,62,40,62,40,50,Grass,Grass
1131,486,65,108,65,108,65,75,Grass,Fire
1132,270,41,50,60,31,58,30,Bug,Bug
1133,470,75,50,85,115,100,45,Bug,Psychic
1134,255,30,35,30,55,30,75,Psychic,Psychic
1135,481,95,60,60,101,60,105,Psychic,Psychic
1136,297,50,45,45,35,64,58,Fairy,Steel
1137,380,65,55,55,45,82,78,Fairy,Steel
1138,506,85,75,77,70,105,94,Fairy,Steel
1139,245,10,55,25,35,25,95,Water,Water
1140,425,35,100,50,50,70,120,Water,Water
1141,485,70,103,85,60,85,82,Flying,Dark
1142,315,70,45,40,45,40,75,Water,Water
1143,457,100,70,72,53,62,100,Water,Water
1144,650,100,160,97,106,87,100,Water,Water
1145,300,45,70,63,30,45,47,Steel,Poison
1146,500,80,119,90,54,67,90,Steel,Poison
1147,501,70,95,65,85,65,121,Dragon,Normal
1148,480,70,85,145,60,55,65,Steel,Steel
1149,350,48,35,42,105,60,60,Rock,Poison
1150,525,83,55,90,130,81,86,Rock,Poison
1151,290,50,61,60,30,55,34,Ghost,Ghost
1152,488,72,101,100,50,97,68,Ghost,Ghost
1153,500,82,115,74,75,64,90,Flying,Fighting
1154,334,108,68,45,30,40,43,Ice,Ice
1155,521,170,113,65,45,55,73,Ice,Ice
1156,478,90,102,73,78,65,70,Water,Psychic
1157,530,150,100,115,65,65,35,Water,Water
1158,475,68,50,60,120,95,82,Dragon,Water
1159,475,68,50,60,120,95,82,Dragon,Water
1160,475,68,50,60,120,95,82,Dragon,Water
1161,535,110,115,80,50,90,90,Fighting,Ghost
1162,430,130,75,60,45,100,20,Poison,Ground
1163,520,120,90,70,110,70,60,Normal,Psychic
1164,520,125,100,80,85,75,55,Normal,Normal
1165,520,125,100,80,85,75,55,Normal,Normal
1166,550,100,135,120,60,85,50,Dark,Steel
1167,570,115,131,131,53,53,87,Ground,Fighting
1168,570,115,65,99,65,115,111,Fairy,Psychic
1169,570,111,127,99,79,99,55,Grass,Dark
1170,570,55,55,55,135,135,135,Ghost,Fairy
1171,570,85,135,79,85,105,81,Bug,Fighting
1172,570,85,81,97,121,85,101,Electric,Ground
1173,570,90,112,120,72,70,106,Ground,Steel
1174,570,56,80,114,124,60,136,Ice,Water
1175,570,154,140,108,50,68,50,Fighting,Electric
1176,570,94,80,86,122,80,108,Dark,Flying
1177,570,80,70,60,140,110,110,Fire,Poison
1178,570,100,134,110,70,84,72,Rock,Electric
1179,320,65,75,45,35,45,55,Dragon,Ice
1180,423,90,95,66,45,65,62,Dragon,Ice
1181,600,115,145,92,75,86,87,Dragon,Ice
1182,300,45,30,70,75,70,10,Ghost,Ghost
1183,300,45,30,25,75,45,80,Ghost,Ghost
1184,550,87,60,95,133,91,84,Steel,Ghost
1185,570,85,85,100,95,135,70,Dark,Grass
1186,570,80,120,80,90,65,135,Dark,Ice
1187,570,155,110,125,55,80,45,Dark,Ground
1188,570,55,80,80,135,120,100,Dark,Fire
1189,590,105,139,71,55,101,119,Dragon,Dark
1190,590,74,130,90,120,60,116,Fairy,Fighting
1191,670,100,135,115,85,100,135,Fighting,Dragon
1192,670,100,85,100,135,115,135,Electric,Dragon
1193,590,99,83,91,125,83,109,Water,Dragon
1194,590,90,130,88,70,108,104,Grass,Psychic
1195,485,80,80,110,95,80,40,Grass,Dragon
1196,308,40,45,45,74,54,50,Grass,Ghost
1197,508,71,60,106,121,80,70,Grass,Ghost
1198,555,88,128,115,58,86,80,Poison,Fighting
1199,555,88,75,66,130,90,106,Poison,Psychic
1200,555,88,91,82,70,125,99,Poison,Fairy
1201,550,80,120,84,60,96,110,Grass,Grass
1202,550,80,120,84,60,96,110,Grass,Water
1203,550,80,120,84,60,96,110,Grass,Fire
1204,550,80,120,84,60,96,110,Grass,Rock
1205,600,90,105,130,125,65,85,Steel,Dragon
1206,540,106,80,110,120,80,44,Grass,Dragon
1207,590,105,115,121,65,93,91,Fire,Dragon
1208,590,125,73,91,137,89,75,Electric,Dragon
1209,590,90,120,80,68,108,124,Rock,Psychic
1210,590,90,72,100,122,108,98,Steel,Psychic
1211,450,90,65,85,65,85,60,Normal,Normal
1212,600,95,95,110,105,110,85,Normal,Normal
1213,700,160,105,110,130,110,85,Normal,Normal
1214,600,88,88,160,88,88,88,Poison,Ghost
